Workbook

Sheet Assets_MasterList
A1: AssetID | B1: Symbol | C1: Type | D1: Primary_Source | E1: Timeframes | F1: Active | G1: Priority
A2: BTC | B2: BTCUSDT | C2: crypto | D2: binance | E2: 5m,15m,1h,4h,1d | F2: TRUE | G2: 5
A3: ETH | B3: ETHUSDT | C3: crypto | D3: binance | E3: 15m,1h,4h | F3: TRUE | G3: 4
A4: XRP | B4: XRPUSDT | C4: crypto | D4: binance | E4: 15m,1h,4h | F4: TRUE | G4: 3
A5: XAU | B5: XAUUSD | C5: metal | D5: yahoo | E5: 1h,1d | F5: TRUE | G5: 3
A6: SPX | B6: ^GSPC | C6: index | D6: yahoo | E6: 1d | F6: TRUE | G6: 3

Sheet Data_Staging
A1: AssetID | B1: Timeframe | C1: Timestamp | D1: Open | E1: High | F1: Low | G1: Close | H1: Volume | K1: Last_Volume | L1: AvgVol_20 | M1: VolSpikeFlag
A2: BTC | B2: 15m | C2: 1765016100 | D2: 89575.01 | E2: 89687.86 | F2: 89508.18 | G2: 89534.97 | H2: 49.32107 | K2: =IFERROR(__xludf.DUMMYFUNCTION("IFERROR( INDEX( FILTER(Data_Staging!H2:H1000, Data_Staging!A2:A1000=A2, Data_Staging!B2:B1000=B2), ROWS(FILTER(Data_Staging!H2:H1000, Data_Staging!A2:A1000=A2, Data_Staging!B2:B1000=B2)) ), """")"),28.2357) -> 28.2357 | L2: =IFERROR(__xludf.DUMMYFUNCTION("IFERROR( AVERAGE( INDEX( FILTER(Data_Staging!H2:H1000, Data_Staging!A2:A1000=A2, Data_Staging!B2:B1000=B2), SEQUENCE(20,1, ROWS(FILTER(Data_Staging!H2:H1000, Data_Staging!A2:A1000=A2, Data_Staging!B2:B1000=B2))-19, 1) ) ), """")"),121.81695) -> 121.81695 | M2: =IF(OR(K2="",L2="",L2=0), FALSE, K2>=1.5*L2) -> FALSE
A3: BTC | B3: 15m | C3: 1765017000 | D3: 89534.98 | E3: 89587.74 | F3: 89510 | G3: 89574.49 | H3: 43.1794
A4: BTC | B4: 15m | C4: 1765017900 | D4: 89574.49 | E4: 89577.8 | F4: 89462 | G4: 89506 | H4: 40.53745
A5: BTC | B5: 15m | C5: 1765018800 | D5: 89506.01 | E5: 89577.62 | F5: 89500 | G5: 89500 | H5: 39.00799
A6: BTC | B6: 15m | C6: 1765019700 | D6: 89500.01 | E6: 89608.58 | F6: 89500 | G6: 89579.25 | H6: 97.59261
A7: BTC | B7: 15m | C7: 1765020600 | D7: 89579.26 | E7: 89750.01 | F7: 89560.35 | G7: 89684.51 | H7: 355.24367
A8: BTC | B8: 15m | C8: 1765021500 | D8: 89684.51 | E8: 89733.32 | F8: 89612 | G8: 89631.28 | H8: 76.8576
A9: BTC | B9: 15m | C9: 1765022400 | D9: 89631.29 | E9: 89637.95 | F9: 89566 | G9: 89582.26 | H9: 79.46369
A10: BTC | B10: 15m | C10: 1765023300 | D10: 89582.27 | E10: 89632.66 | F10: 89574.86 | G10: 89616.33 | H10: 52.05189
A11: BTC | B11: 15m | C11: 1765024200 | D11: 89616.33 | E11: 89648.96 | F11: 89566 | G11: 89599.22 | H11: 37.86053
A12: BTC | B12: 15m | C12: 1765025100 | D12: 89599.22 | E12: 89634.78 | F12: 89570.51 | G12: 89581.19 | H12: 86.65106
A13: BTC | B13: 15m | C13: 1765026000 | D13: 89581.19 | E13: 89633.67 | F13: 89581.19 | G13: 89611.43 | H13: 46.63324
A14: BTC | B14: 15m | C14: 1765026900 | D14: 89611.43 | E14: 89703 | F14: 89590 | G14: 89688.18 | H14: 49.28903
... A79: ETH | B79: 15m | C79: 1765050300 | D79: 89432.7 | E79: 89470.94 | F79: 89360 | G79: 89405.64 | H79: 28.2357

Sheet Shared_Inputs
A1: AssetID | B1: Timeframe | C1: Last_Close | D1: Prev_Close | E1: SwingHigh_20 | F1: SwingLow_20 | G1: ATR_14 | H1: TrendSimple | I1: VolatilityScore | J1: Notes | K1: Last_Volume | L1: AvgVol_20 | M1: VolSpikeFlag
A2: ='00_Active_Grid'!A2 -> BTC | B2: ='00_Active_Grid'!B2 -> 15m | C2: =IFERROR(__xludf.DUMMYFUNCTION("INDEX( FILTER(Data_Staging!G:G, Data_Staging!A:A=A2, Data_Staging!B:B=B2), COUNTA( FILTER(Data_Staging!G:G, Data_Staging!A:A=A2, Data_Staging!B:B=B2) ) )"),89405.64) -> 89405.64 | D2: =IFERROR(__xludf.DUMMYFUNCTION("INDEX( FILTER(Data_Staging!G:G, Data_Staging!A:A=A2, Data_Staging!B:B=B2), COUNTA( FILTER(Data_Staging!G:G, Data_Staging!A:A=A2, Data_Staging!B:B=B2) ) - 1 )"),89432.69) -> 89432.69 | E2: =IFERROR(__xludf.DUMMYFUNCTION("IFERROR( MAX( INDEX( FILTER(Data_Staging!E2:E1000, Data_Staging!A2:A1000=A2, Data_Staging!B2:B1000=B2), SEQUENCE( 20, 1, ROWS(FILTER(Data_Staging!E2:E1000, Data_Staging!A2:A1000=A2, Data_Staging!B2:B1000=B2)) - 19, "&" 1 ) ) ), """")"),90042.54) -> 90042.54 | F2: =IFERROR(__xludf.DUMMYFUNCTION("IFERROR( MIN( INDEX( FILTER(Data_Staging!F2:F1000, Data_Staging!A2:A1000=A2, Data_Staging!B2:B1000=B2), SEQUENCE( 20, 1, ROWS(FILTER(Data_Staging!F2:F1000, Data_Staging!A2:A1000=A2, Data_Staging!B2:B1000=B2)) - 19, "&" 1 ) ) ), """")"),89819.24) -> 89819.24 | G2: =IFERROR(__xludf.DUMMYFUNCTION("IFERROR( AVERAGE( INDEX( FILTER(Data_Staging!E2:E1000 - Data_Staging!F2:F1000, Data_Staging!A2:A1000=A2, Data_Staging!B2:B1000=B2), SEQUENCE( 14, 1, ROWS(FILTER(Data_Staging!E2:E1000, Data_Staging!A2:A1000=A2, Data_Stagin"&"g!B2:B1000=B2)) - 13, 1 ) ) ), """")"),127.02000000000407) -> 127.02 | H2: =IF(B2>C2,"UP",IF(B2<C2,"DOWN","FLAT")) -> UP | I2: =IF(OR(G2="",C2=""),"", IF(G2/C2>=0.02,3, IF(G2/C2>=0.01,2, IF(G2/C2>=0.005,1,0) ) ) ) -> 0 | J2: ='00_Active_Grid'!J2 | K2: =IFERROR(__xludf.DUMMYFUNCTION("IFERROR( INDEX( FILTER(Data_Staging!H2:H1000, Data_Staging!A2:A1000=A2, Data_Staging!B2:B1000=B2), ROWS(FILTER(Data_Staging!H2:H1000, Data_Staging!A2:A1000=A2, Data_Staging!B2:B1000=B2)) ), """") "),28.2357) -> 28.2357 | L2: =IFERROR(__xludf.DUMMYFUNCTION("IFERROR( AVERAGE( INDEX( FILTER(Data_Staging!H2:H1000, Data_Staging!A2:A1000=A2, Data_Staging!B2:B1000=B2), SEQUENCE(20,1, ROWS(FILTER(Data_Staging!H2:H1000, Data_Staging!A2:A1000=A2, Data_Staging!B2:B1000=B2))-19, 1) ) ), """") "),121.81695) -> 121.81695 | M2: =IF(OR(K2="",L2="",L2=0), FALSE, K2>=1.5*L2) -> FALSE
A3: ='00_Active_Grid'!A3 -> ETH | B3: ='00_Active_Grid'!B3 -> 15m | C3: =IFERROR(__xludf.DUMMYFUNCTION("INDEX( FILTER(Data_Staging!G:G, Data_Staging!A:A=A3, Data_Staging!B:B=B3), COUNTA( FILTER(Data_Staging!G:G, Data_Staging!A:A=A3, Data_Staging!B:B=B3) ) )"),89405.64) -> 89405.64 | D3: =IFERROR(__xludf.DUMMYFUNCTION("INDEX( FILTER(Data_Staging!G:G, Data_Staging!A:A=A3, Data_Staging!B:B=B3), COUNTA( FILTER(Data_Staging!G:G, Data_Staging!A:A=A3, Data_Staging!B:B=B3) ) - 1 )"),89432.69) -> 89432.69 | E3: =IFERROR(__xludf.DUMMYFUNCTION("IFERROR( MAX( INDEX( FILTER(Data_Staging!E3:E1000, Data_Staging!A3:A1000=A3, Data_Staging!B3:B1000=B3), SEQUENCE( 20, 1, ROWS(FILTER(Data_Staging!E3:E1000, Data_Staging!A3:A1000=A3, Data_Staging!B3:B1000=B3)) - 19, "&" 1 ) ) ), """")"),90042.54) -> 90042.54 | F3: =IFERROR(__xludf.DUMMYFUNCTION("IFERROR( MIN( INDEX( FILTER(Data_Staging!F3:F1000, Data_Staging!A3:A1000=A3, Data_Staging!B3:B1000=B3), SEQUENCE( 20, 1, ROWS(FILTER(Data_Staging!F3:F1000, Data_Staging!A3:A1000=A3, Data_Staging!B3:B1000=B3)) - 19, "&" 1 ) ) ), """")"),89819.24) -> 89819.24 | G3: =IFERROR(__xludf.DUMMYFUNCTION("IFERROR( AVERAGE( INDEX( FILTER(Data_Staging!E3:E1000 - Data_Staging!F3:F1000, Data_Staging!A3:A1000=A3, Data_Staging!B3:B1000=B3), SEQUENCE( 14, 1, ROWS(FILTER(Data_Staging!E3:E1000, Data_Staging!A3:A1000=A3, Data_Stagin"&"g!B3:B1000=B3)) - 13, 1 ) ) ), """")"),127.02000000000407) -> 127.02 | H3: =IF(B3>C3,"UP",IF(B3<C3,"DOWN","FLAT")) -> UP | I3: =IF(OR(G3="",C3=""),"", IF(G3/C3>=0.02,3, IF(G3/C3>=0.01,2, IF(G3/C3>=0.005,1,0) ) ) ) -> 0 | J3: ='00_Active_Grid'!J3 | K3: =IFERROR(__xludf.DUMMYFUNCTION("IFERROR( INDEX( FILTER(Data_Staging!H3:H1000, Data_Staging!A3:A1000=A3, Data_Staging!B3:B1000=B3), ROWS(FILTER(Data_Staging!H3:H1000, Data_Staging!A3:A1000=A3, Data_Staging!B3:B1000=B3)) ), """") "),28.2357) -> 28.2357 | L3: =IFERROR(__xludf.DUMMYFUNCTION("IFERROR( AVERAGE( INDEX( FILTER(Data_Staging!H3:H1000, Data_Staging!A3:A1000=A3, Data_Staging!B3:B1000=B3), SEQUENCE(20,1, ROWS(FILTER(Data_Staging!H3:H1000, Data_Staging!A3:A1000=A3, Data_Staging!B3:B1000=B3))-19, 1) ) ), """") "),121.81695) -> 121.81695 | M3: =IF(OR(K3="",L3="",L3=0), FALSE, K3>=1.5*L3) -> FALSE
A4: ='00_Active_Grid'!A4 -> XRP | B4: ='00_Active_Grid'!B4 -> 15m | C4: =IFERROR(__xludf.DUMMYFUNCTION("INDEX( FILTER(Data_Staging!G:G, Data_Staging!A:A=A4, Data_Staging!B:B=B4), COUNTA( FILTER(Data_Staging!G:G, Data_Staging!A:A=A4, Data_Staging!B:B=B4) ) )"),"#N/A") -> #N/A | D4: =IFERROR(__xludf.DUMMYFUNCTION("INDEX( FILTER(Data_Staging!G:G, Data_Staging!A:A=A4, Data_Staging!B:B=B4), COUNTA( FILTER(Data_Staging!G:G, Data_Staging!A:A=A4, Data_Staging!B:B=B4) ) - 1 )"),"#N/A") -> #N/A | E4: =IFERROR(__xludf.DUMMYFUNCTION("IFERROR( MAX( INDEX( FILTER(Data_Staging!E4:E1000, Data_Staging!A4:A1000=A4, Data_Staging!B4:B1000=B4), SEQUENCE( 20, 1, ROWS(FILTER(Data_Staging!E4:E1000, Data_Staging!A4:A1000=A4, Data_Staging!B4:B1000=B4)) - 19, "&" 1 ) ) ), """")"),"") | F4: =IFERROR(__xludf.DUMMYFUNCTION("IFERROR( MIN( INDEX( FILTER(Data_Staging!F4:F1000, Data_Staging!A4:A1000=A4, Data_Staging!B4:B1000=B4), SEQUENCE( 20, 1, ROWS(FILTER(Data_Staging!F4:F1000, Data_Staging!A4:A1000=A4, Data_Staging!B4:B1000=B4)) - 19, "&" 1 ) ) ), """")"),"") | G4: =IFERROR(__xludf.DUMMYFUNCTION("IFERROR( AVERAGE( INDEX( FILTER(Data_Staging!E4:E1000 - Data_Staging!F4:F1000, Data_Staging!A4:A1000=A4, Data_Staging!B4:B1000=B4), SEQUENCE( 14, 1, ROWS(FILTER(Data_Staging!E4:E1000, Data_Staging!A4:A1000=A4, Data_Stagin"&"g!B4:B1000=B4)) - 13, 1 ) ) ), """")"),"") | H4: =IF(B4>C4,"UP",IF(B4<C4,"DOWN","FLAT")) -> #N/A | I4: =IF(OR(G4="",C4=""),"", IF(G4/C4>=0.02,3, IF(G4/C4>=0.01,2, IF(G4/C4>=0.005,1,0) ) ) ) -> #N/A | J4: ='00_Active_Grid'!J4 | K4: =IFERROR(__xludf.DUMMYFUNCTION("IFERROR( INDEX( FILTER(Data_Staging!H4:H1000, Data_Staging!A4:A1000=A4, Data_Staging!B4:B1000=B4), ROWS(FILTER(Data_Staging!H4:H1000, Data_Staging!A4:A1000=A4, Data_Staging!B4:B1000=B4)) ), """") "),"") | L4: =IFERROR(__xludf.DUMMYFUNCTION("IFERROR( AVERAGE( INDEX( FILTER(Data_Staging!H4:H1000, Data_Staging!A4:A1000=A4, Data_Staging!B4:B1000=B4), SEQUENCE(20,1, ROWS(FILTER(Data_Staging!H4:H1000, Data_Staging!A4:A1000=A4, Data_Staging!B4:B1000=B4))-19, 1) ) ), """") "),"") | M4: =IF(OR(K4="",L4="",L4=0), FALSE, K4>=1.5*L4) -> FALSE
A5: ='00_Active_Grid'!A5 -> XAU | B5: ='00_Active_Grid'!B5 -> 15m | C5: =IFERROR(__xludf.DUMMYFUNCTION("INDEX( FILTER(Data_Staging!G:G, Data_Staging!A:A=A5, Data_Staging!B:B=B5), COUNTA( FILTER(Data_Staging!G:G, Data_Staging!A:A=A5, Data_Staging!B:B=B5) ) )"),"#N/A") -> #N/A | D5: =IFERROR(__xludf.DUMMYFUNCTION("INDEX( FILTER(Data_Staging!G:G, Data_Staging!A:A=A5, Data_Staging!B:B=B5), COUNTA( FILTER(Data_Staging!G:G, Data_Staging!A:A=A5, Data_Staging!B:B=B5) ) - 1 )"),"#N/A") -> #N/A | E5: =IFERROR(__xludf.DUMMYFUNCTION("IFERROR( MAX( INDEX( FILTER(Data_Staging!E5:E1000, Data_Staging!A5:A1000=A5, Data_Staging!B5:B1000=B5), SEQUENCE( 20, 1, ROWS(FILTER(Data_Staging!E5:E1000, Data_Staging!A5:A1000=A5, Data_Staging!B5:B1000=B5)) - 19, "&" 1 ) ) ), """")"),"") | F5: =IFERROR(__xludf.DUMMYFUNCTION("IFERROR( MIN( INDEX( FILTER(Data_Staging!F5:F1000, Data_Staging!A5:A1000=A5, Data_Staging!B5:B1000=B5), SEQUENCE( 20, 1, ROWS(FILTER(Data_Staging!F5:F1000, Data_Staging!A5:A1000=A5, Data_Staging!B5:B1000=B5)) - 19, "&" 1 ) ) ), """")"),"") | G5: =IFERROR(__xludf.DUMMYFUNCTION("IFERROR( AVERAGE( INDEX( FILTER(Data_Staging!E5:E1000 - Data_Staging!F5:F1000, Data_Staging!A5:A1000=A5, Data_Staging!B5:B1000=B5), SEQUENCE( 14, 1, ROWS(FILTER(Data_Staging!E5:E1000, Data_Staging!A5:A1000=A5, Data_Stagin"&"g!B5:B1000=B5)) - 13, 1 ) ) ), """")"),"") | H5: =IF(B5>C5,"UP",IF(B5<C5,"DOWN","FLAT")) -> #N/A | I5: =IF(OR(G5="",C5=""),"", IF(G5/C5>=0.02,3, IF(G5/C5>=0.01,2, IF(G5/C5>=0.005,1,0) ) ) ) -> #N/A | J5: ='00_Active_Grid'!J5 | K5: =IFERROR(__xludf.DUMMYFUNCTION("IFERROR( INDEX( FILTER(Data_Staging!H5:H1000, Data_Staging!A5:A1000=A5, Data_Staging!B5:B1000=B5), ROWS(FILTER(Data_Staging!H5:H1000, Data_Staging!A5:A1000=A5, Data_Staging!B5:B1000=B5)) ), """") "),"") | L5: =IFERROR(__xludf.DUMMYFUNCTION("IFERROR( AVERAGE( INDEX( FILTER(Data_Staging!H5:H1000, Data_Staging!A5:A1000=A5, Data_Staging!B5:B1000=B5), SEQUENCE(20,1, ROWS(FILTER(Data_Staging!H5:H1000, Data_Staging!A5:A1000=A5, Data_Staging!B5:B1000=B5))-19, 1) ) ), """") "),"") | M5: =IF(OR(K5="",L5="",L5=0), FALSE, K5>=1.5*L5) -> FALSE
A6: ='00_Active_Grid'!A6 -> SPX | B6: ='00_Active_Grid'!B6 -> 15m | C6: =IFERROR(__xludf.DUMMYFUNCTION("INDEX( FILTER(Data_Staging!G:G, Data_Staging!A:A=A6, Data_Staging!B:B=B6), COUNTA( FILTER(Data_Staging!G:G, Data_Staging!A:A=A6, Data_Staging!B:B=B6) ) )"),"#N/A") -> #N/A | D6: =IFERROR(__xludf.DUMMYFUNCTION("INDEX( FILTER(Data_Staging!G:G, Data_Staging!A:A=A6, Data_Staging!B:B=B6), COUNTA( FILTER(Data_Staging!G:G, Data_Staging!A:A=A6, Data_Staging!B:B=B6) ) - 1 )"),"#N/A") -> #N/A | E6: =IFERROR(__xludf.DUMMYFUNCTION("IFERROR( MAX( INDEX( FILTER(Data_Staging!E6:E1000, Data_Staging!A6:A1000=A6, Data_Staging!B6:B1000=B6), SEQUENCE( 20, 1, ROWS(FILTER(Data_Staging!E6:E1000, Data_Staging!A6:A1000=A6, Data_Staging!B6:B1000=B6)) - 19, "&" 1 ) ) ), """")"),"") | F6: =IFERROR(__xludf.DUMMYFUNCTION("IFERROR( MIN( INDEX( FILTER(Data_Staging!F6:F1000, Data_Staging!A6:A1000=A6, Data_Staging!B6:B1000=B6), SEQUENCE( 20, 1, ROWS(FILTER(Data_Staging!F6:F1000, Data_Staging!A6:A1000=A6, Data_Staging!B6:B1000=B6)) - 19, "&" 1 ) ) ), """")"),"") | G6: =IFERROR(__xludf.DUMMYFUNCTION("IFERROR( AVERAGE( INDEX( FILTER(Data_Staging!E6:E1000 - Data_Staging!F6:F1000, Data_Staging!A6:A1000=A6, Data_Staging!B6:B1000=B6), SEQUENCE( 14, 1, ROWS(FILTER(Data_Staging!E6:E1000, Data_Staging!A6:A1000=A6, Data_Stagin"&"g!B6:B1000=B6)) - 13, 1 ) ) ), """")"),"") | H6: =IF(B6>C6,"UP",IF(B6<C6,"DOWN","FLAT")) -> #N/A | I6: =IF(OR(G6="",C6=""),"", IF(G6/C6>=0.02,3, IF(G6/C6>=0.01,2, IF(G6/C6>=0.005,1,0) ) ) ) -> #N/A | J6: ='00_Active_Grid'!J6 | K6: =IFERROR(__xludf.DUMMYFUNCTION("IFERROR( INDEX( FILTER(Data_Staging!H6:H1000, Data_Staging!A6:A1000=A6, Data_Staging!B6:B1000=B6), ROWS(FILTER(Data_Staging!H6:H1000, Data_Staging!A6:A1000=A6, Data_Staging!B6:B1000=B6)) ), """") "),"") | L6: =IFERROR(__xludf.DUMMYFUNCTION("IFERROR( AVERAGE( INDEX( FILTER(Data_Staging!H6:H1000, Data_Staging!A6:A1000=A6, Data_Staging!B6:B1000=B6), SEQUENCE(20,1, ROWS(FILTER(Data_Staging!H6:H1000, Data_Staging!A6:A1000=A6, Data_Staging!B6:B1000=B6))-19, 1) ) ), """") "),"") | M6: =IF(OR(K6="",L6="",L6=0), FALSE, K6>=1.5*L6) -> FALSE

Sheet 01_SSP_Structure_L0
A1: AssetID | B1: Timeframe | C1: Last_Close | D1: Prev_Close | E1: SwingHigh_20 | F1: SwingLow_20 | G1: ATR_14 | H1: TrendSimple | I1: VolatilityScore | J1: BOS_Flag | K1: BOS_Direction | L1: BOS_StrengthScore | M1: CHoCH_Flag | N1: CHoCH_Direction | O1: CHoCH_ValidityScore | P1: MarketStructureState | Q1: StructureBias | R1: SSP_TotalStructureScore | S1: Notes
A2: ='00_Active_Grid'!A2 -> BTC | B2: ='00_Active_Grid'!B2 -> 15m | C2: =Shared_Inputs!C2 -> 89405.64 | D2: =Shared_Inputs!D2 -> 89432.69 | E2: =Shared_Inputs!E2 -> 90042.54 | F2: =Shared_Inputs!G2 -> 127.02 | G2: =Shared_Inputs!H2 -> UP | H2: =Shared_Inputs!I2 -> 0 | I2: =Shared_Inputs!J2 | J2: =IF(OR(C2>E2,C2<F2),TRUE,FALSE) -> FALSE | K2: =IF(J2=FALSE,"NONE", IF(C2>E2,"UP", IF(C2<F2,"DOWN","NONE") ) ) -> NONE | L2: =IF(J2=FALSE,0, IF(ABS(C2-D2)>=2*G2,3, IF(ABS(C2-D2)>=1*G2,2,1) ) ) -> 0 | M2: =IF(H2="FLAT",FALSE, IF(AND(H2="UP",C2<D2),TRUE, IF(AND(H2="DOWN",C2>D2),TRUE,FALSE) ) ) -> FALSE | N2: =IF(M2=FALSE,"NONE", IF(H2="UP","DOWN","UP") ) -> NONE | O2: =IF(M2=FALSE,0, IF(ABS(C2-D2)>=1*G2,2,1) ) -> 0 | P2: =IF(K2="UP","EXPANSION", IF(K2="DOWN","MARKDOWN", IF(N2="UP","ACCUM", IF(N2="DOWN","DISTRIBUTION","NEUTRAL") ) ) ) -> NEUTRAL | Q2: =IF(P2="EXPANSION","LONG", IF(P2="MARKDOWN","SHORT","NEUTRAL") ) -> NEUTRAL | R2: =MIN(3, (L2>=2) + (O2=2) + (I2>=1) ) -> 0
A3: ='00_Active_Grid'!A3 -> ETH | B3: ='00_Active_Grid'!B3 -> 15m | C3: =Shared_Inputs!C3 -> 89405.64 | D3: =Shared_Inputs!D3 -> 89432.69 | E3: =Shared_Inputs!E3 -> 90042.54 | F3: =Shared_Inputs!G3 -> 127.02 | G3: =Shared_Inputs!H3 -> UP | H3: =Shared_Inputs!I3 -> 0 | I3: =Shared_Inputs!J3 | J3: =IF(OR(C3>E3,C3<F3),TRUE,FALSE) -> FALSE | K3: =IF(J3=FALSE,"NONE", IF(C3>E3,"UP", IF(C3<F3,"DOWN","NONE") ) ) -> NONE | L3: =IF(J3=FALSE,0, IF(ABS(C3-D3)>=2*G3,3, IF(ABS(C3-D3)>=1*G3,2,1) ) ) -> 0 | M3: =IF(H3="FLAT",FALSE, IF(AND(H3="UP",C3<D3),TRUE, IF(AND(H3="DOWN",C3>D3),TRUE,FALSE) ) ) -> FALSE | N3: =IF(M3=FALSE,"NONE", IF(H3="UP","DOWN","UP") ) -> NONE | O3: =IF(M3=FALSE,0, IF(ABS(C3-D3)>=1*G3,2,1) ) -> 0 | P3: =IF(K3="UP","EXPANSION", IF(K3="DOWN","MARKDOWN", IF(N3="UP","ACCUM", IF(N3="DOWN","DISTRIBUTION","NEUTRAL") ) ) ) -> NEUTRAL | Q3: =IF(P3="EXPANSION","LONG", IF(P3="MARKDOWN","SHORT","NEUTRAL") ) -> NEUTRAL | R3: =MIN(3, (L3>=2) + (O3=2) + (I3>=1) ) -> 0
A4: ='00_Active_Grid'!A4 -> XRP | B4: ='00_Active_Grid'!B4 -> 15m | C4: =Shared_Inputs!C4 -> #N/A | D4: =Shared_Inputs!D4 -> #N/A | E4: =Shared_Inputs!E4 | F4: =Shared_Inputs!G4 | G4: =Shared_Inputs!H4 -> #N/A | H4: =Shared_Inputs!I4 -> #N/A | I4: =Shared_Inputs!J4 | J4: =IF(OR(C4>E4,C4<F4),TRUE,FALSE) -> #N/A | K4: =IF(J4=FALSE,"NONE", IF(C4>E4,"UP", IF(C4<F4,"DOWN","NONE") ) ) -> #N/A | L4: =IF(J4=FALSE,0, IF(ABS(C4-D4)>=2*G4,3, IF(ABS(C4-D4)>=1*G4,2,1) ) ) -> #N/A | M4: =IF(H4="FLAT",FALSE, IF(AND(H4="UP",C4<D4),TRUE, IF(AND(H4="DOWN",C4>D4),TRUE,FALSE) ) ) -> #N/A | N4: =IF(M4=FALSE,"NONE", IF(H4="UP","DOWN","UP") ) -> #N/A | O4: =IF(M4=FALSE,0, IF(ABS(C4-D4)>=1*G4,2,1) ) -> #N/A | P4: =IF(K4="UP","EXPANSION", IF(K4="DOWN","MARKDOWN", IF(N4="UP","ACCUM", IF(N4="DOWN","DISTRIBUTION","NEUTRAL") ) ) ) -> #N/A | Q4: =IF(P4="EXPANSION","LONG", IF(P4="MARKDOWN","SHORT","NEUTRAL") ) -> #N/A | R4: =MIN(3, (L4>=2) + (O4=2) + (I4>=1) ) -> #N/A
A5: ='00_Active_Grid'!A5 -> XAU | B5: ='00_Active_Grid'!B5 -> 15m | C5: =Shared_Inputs!C5 -> #N/A | D5: =Shared_Inputs!D5 -> #N/A | E5: =Shared_Inputs!E5 | F5: =Shared_Inputs!G5 | G5: =Shared_Inputs!H5 -> #N/A | H5: =Shared_Inputs!I5 -> #N/A | I5: =Shared_Inputs!J5 | J5: =IF(OR(C5>E5,C5<F5),TRUE,FALSE) -> #N/A | K5: =IF(J5=FALSE,"NONE", IF(C5>E5,"UP", IF(C5<F5,"DOWN","NONE") ) ) -> #N/A | L5: =IF(J5=FALSE,0, IF(ABS(C5-D5)>=2*G5,3, IF(ABS(C5-D5)>=1*G5,2,1) ) ) -> #N/A | M5: =IF(H5="FLAT",FALSE, IF(AND(H5="UP",C5<D5),TRUE, IF(AND(H5="DOWN",C5>D5),TRUE,FALSE) ) ) -> #N/A | N5: =IF(M5=FALSE,"NONE", IF(H5="UP","DOWN","UP") ) -> #N/A | O5: =IF(M5=FALSE,0, IF(ABS(C5-D5)>=1*G5,2,1) ) -> #N/A | P5: =IF(K5="UP","EXPANSION", IF(K5="DOWN","MARKDOWN", IF(N5="UP","ACCUM", IF(N5="DOWN","DISTRIBUTION","NEUTRAL") ) ) ) -> #N/A | Q5: =IF(P5="EXPANSION","LONG", IF(P5="MARKDOWN","SHORT","NEUTRAL") ) -> #N/A | R5: =MIN(3, (L5>=2) + (O5=2) + (I5>=1) ) -> #N/A
A6: ='00_Active_Grid'!A6 -> SPX | B6: ='00_Active_Grid'!B6 -> 15m | C6: =Shared_Inputs!C6 -> #N/A | D6: =Shared_Inputs!D6 -> #N/A | E6: =Shared_Inputs!E6 | F6: =Shared_Inputs!G6 | G6: =Shared_Inputs!H6 -> #N/A | H6: =Shared_Inputs!I6 -> #N/A | I6: =Shared_Inputs!J6 | J6: =IF(OR(C6>E6,C6<F6),TRUE,FALSE) -> #N/A | K6: =IF(J6=FALSE,"NONE", IF(C6>E6,"UP", IF(C6<F6,"DOWN","NONE") ) ) -> #N/A | L6: =IF(J6=FALSE,0, IF(ABS(C6-D6)>=2*G6,3, IF(ABS(C6-D6)>=1*G6,2,1) ) ) -> #N/A | M6: =IF(H6="FLAT",FALSE, IF(AND(H6="UP",C6<D6),TRUE, IF(AND(H6="DOWN",C6>D6),TRUE,FALSE) ) ) -> #N/A | N6: =IF(M6=FALSE,"NONE", IF(H6="UP","DOWN","UP") ) -> #N/A | O6: =IF(M6=FALSE,0, IF(ABS(C6-D6)>=1*G6,2,1) ) -> #N/A | P6: =IF(K6="UP","EXPANSION", IF(K6="DOWN","MARKDOWN", IF(N6="UP","ACCUM", IF(N6="DOWN","DISTRIBUTION","NEUTRAL") ) ) ) -> #N/A | Q6: =IF(P6="EXPANSION","LONG", IF(P6="MARKDOWN","SHORT","NEUTRAL") ) -> #N/A | R6: =MIN(3, (L6>=2) + (O6=2) + (I6>=1) ) -> #N/A
A7: ='00_Active_Grid'!A7

Sheet 02_Institutional_Pressure_L1
A1: ='00_Active_Grid'!A2 -> BTC | B1: ='00_Active_Grid'!B2 -> 15m | C1: ='01_SSP_Structure_L0'!Q2 -> NEUTRAL | D1: ='01_SSP_Structure_L0'!R2 -> 0 | E1: =Shared_Inputs!C2 -> 89405.64 | F1: =Shared_Inputs!D2 -> 89432.69 | G1: =Shared_Inputs!H2 -> UP | H1: =IF(E1="","", (E1-F1)/F1 ) -> -0.00030246211 | I1: =IF(C1="NEUTRAL",0, IF(AND(C1="LONG",H1>0),2, IF(AND(C1="SHORT",H1<0),2,0) ) ) -> 0 | J1: =IFERROR( IF(OR(G1="",G1=0),0, IF(ABS(E1-F1)>=2*G1,3, IF(ABS(E1-F1)>=1*G1,2, IF(ABS(E1-F1)>=0.5*G1,1,0) ) ) ), 0) -> 0 | K1: =IF(OR(Shared_Inputs!J2=1,Shared_Inputs!J2=2),1,0) -> 0 | L1: =IF(Shared_Inputs!M2=TRUE,2,0) -> 0 | M1: =IF(AND(I1=2,D1<=1),2, IF(AND(I1=0,D1>=2),1,0) ) -> 0 | N1: =IFERROR( MIN(3, (J1>=2) + (I1=2) + (K1=1) + (L1>=2) - (M1>=2) ), 0) -> 0 | O1: Notes
A2: ='00_Active_Grid'!A3 -> ETH | B2: ='00_Active_Grid'!B3 -> 15m | C2: ='01_SSP_Structure_L0'!Q3 -> NEUTRAL | D2: ='01_SSP_Structure_L0'!R3 -> 0 | E2: =Shared_Inputs!C3 -> 89405.64 | F2: =Shared_Inputs!D3 -> 89432.69 | G2: =Shared_Inputs!H3 -> UP | H2: =IF(E2="","", (E2-F2)/F2 ) -> -0.00030246211 | I2: =IF(C2="NEUTRAL",0, IF(AND(C2="LONG",H2>0),2, IF(AND(C2="SHORT",H2<0),2,0) ) ) -> 0 | J2: =IFERROR( IF(OR(G2="",G2=0),0, IF(ABS(E2-F2)>=2*G2,3, IF(ABS(E2-F2)>=1*G2,2, IF(ABS(E2-F2)>=0.5*G2,1,0) ) ) ), 0) -> 0 | K2: =IF(OR(Shared_Inputs!J3=1,Shared_Inputs!J3=2),1,0) -> 0 | L2: =IF(Shared_Inputs!N3=TRUE,2,0) -> 0 | M2: =IF(AND(I2=2,D2<=1),2, IF(AND(I2=0,D2>=2),1,0) ) -> 0 | N2: =IFERROR( MIN(3, (J2>=2) + (I2=2) + (K2=1) + (L2>=2) - (M2>=2) ), 0) -> 0 | O2: Strong orderflow + aligned momentum + good vol + moneyflow → upscore Strong divergence → downscore
A3: ='00_Active_Grid'!A4 -> XRP | B3: ='00_Active_Grid'!B4 -> 15m | C3: ='01_SSP_Structure_L0'!Q4 -> #N/A | D3: ='01_SSP_Structure_L0'!R4 -> #N/A | E3: =Shared_Inputs!C4 -> #N/A | F3: =Shared_Inputs!D4 -> #N/A | G3: =Shared_Inputs!H4 -> #N/A | H3: =IF(E3="","", (E3-F3)/F3 ) -> #N/A | I3: =IF(C3="NEUTRAL",0, IF(AND(C3="LONG",H3>0),2, IF(AND(C3="SHORT",H3<0),2,0) ) ) -> #N/A | J3: =IFERROR( IF(OR(G3="",G3=0),0, IF(ABS(E3-F3)>=2*G3,3, IF(ABS(E3-F3)>=1*G3,2, IF(ABS(E3-F3)>=0.5*G3,1,0) ) ) ), 0) -> 0 | K3: =IF(OR(Shared_Inputs!J4=1,Shared_Inputs!J4=2),1,0) -> 0 | L3: =IF(Shared_Inputs!N4=TRUE,2,0) -> 0 | M3: =IF(AND(I3=2,D3<=1),2, IF(AND(I3=0,D3>=2),1,0) ) -> #N/A | N3: =IFERROR( MIN(3, (J3>=2) + (I3=2) + (K3=1) + (L3>=2) - (M3>=2) ), 0) -> 0
A4: ='00_Active_Grid'!A5 -> XAU | B4: ='00_Active_Grid'!B5 -> 15m | C4: ='01_SSP_Structure_L0'!Q5 -> #N/A | D4: ='01_SSP_Structure_L0'!R5 -> #N/A | E4: =Shared_Inputs!C5 -> #N/A | F4: =Shared_Inputs!D5 -> #N/A | G4: =Shared_Inputs!H5 -> #N/A | H4: =IF(E4="","", (E4-F4)/F4 ) -> #N/A | I4: =IF(C4="NEUTRAL",0, IF(AND(C4="LONG",H4>0),2, IF(AND(C4="SHORT",H4<0),2,0) ) ) -> #N/A | J4: =IFERROR( IF(OR(G4="",G4=0),0, IF(ABS(E4-F4)>=2*G4,3, IF(ABS(E4-F4)>=1*G4,2, IF(ABS(E4-F4)>=0.5*G4,1,0) ) ) ), 0) -> 0 | K4: =IF(OR(Shared_Inputs!J5=1,Shared_Inputs!J5=2),1,0) -> 0 | L4: =IF(Shared_Inputs!N5=TRUE,2,0) -> 0 | M4: =IF(AND(I4=2,D4<=1),2, IF(AND(I4=0,D4>=2),1,0) ) -> #N/A | N4: =IFERROR( MIN(3, (J4>=2) + (I4=2) + (K4=1) + (L4>=2) - (M4>=2) ), 0) -> 0
A5: ='00_Active_Grid'!A6 -> SPX | B5: ='00_Active_Grid'!B6 -> 15m | C5: ='01_SSP_Structure_L0'!Q6 -> #N/A | D5: ='01_SSP_Structure_L0'!R6 -> #N/A | E5: =Shared_Inputs!C6 -> #N/A | F5: =Shared_Inputs!D6 -> #N/A | G5: =Shared_Inputs!H6 -> #N/A | H5: =IF(E5="","", (E5-F5)/F5 ) -> #N/A | I5: =IF(C5="NEUTRAL",0, IF(AND(C5="LONG",H5>0),2, IF(AND(C5="SHORT",H5<0),2,0) ) ) -> #N/A | J5: =IFERROR( IF(OR(G5="",G5=0),0, IF(ABS(E5-F5)>=2*G5,3, IF(ABS(E5-F5)>=1*G5,2, IF(ABS(E5-F5)>=0.5*G5,1,0) ) ) ), 0) -> 0 | K5: =IF(OR(Shared_Inputs!J6=1,Shared_Inputs!J6=2),1,0) -> 0 | L5: =IF(Shared_Inputs!N6=TRUE,2,0) -> 0 | M5: =IF(AND(I5=2,D5<=1),2, IF(AND(I5=0,D5>=2),1,0) ) -> #N/A | N5: =IFERROR( MIN(3, (J5>=2) + (I5=2) + (K5=1) + (L5>=2) - (M5>=2) ), 0) -> 0

Sheet 03_Liquidity_Sweep_Engine_L2
A1: AssetID | B1: Timeframe | C1: Last_Close | D1: Prev_Close | E1: SwingHigh_20 | F1: SwingLow_20 | G1: ATR_14 | H1: UpperSweepFlag | I1: LowerSweepFlag | J1: SweepDirection | K1: SweepStrengthScore | L1: SweepScore
A2: ='00_Active_Grid'!A2 -> BTC | B2: ='00_Active_Grid'!B2 -> 15m | C2: =Shared_Inputs!C2 -> 89405.64 | D2: =Shared_Inputs!D2 -> 89432.69 | E2: =Shared_Inputs!E2 -> 90042.54 | F2: =Shared_Inputs!F2 -> 89819.24 | G2: =Shared_Inputs!G2 -> 127.02 | H2: =IF(AND(D2>E2, C2<E2), TRUE, FALSE) -> FALSE | I2: =IF(AND(D2<F2, C2>F2), TRUE, FALSE) -> FALSE | J2: =IF(H2=TRUE,"BEAR_SWEEP", IF(I2=TRUE,"BULL_SWEEP","NONE")) -> NONE | K2: =IF(J2="NONE",0, IF(ABS(C2-D2)>=2*G2,3, IF(ABS(C2-D2)>=1*G2,2,1) ) ) -> 0 | L2: =K2 -> 0
A3: ='00_Active_Grid'!A3 -> ETH | B3: ='00_Active_Grid'!B3 -> 15m | C3: =Shared_Inputs!C3 -> 89405.64 | D3: =Shared_Inputs!D3 -> 89432.69 | E3: =Shared_Inputs!E3 -> 90042.54 | F3: =Shared_Inputs!F3 -> 89819.24 | G3: =Shared_Inputs!G3 -> 127.02 | H3: =IF(AND(D3>E3, C3<E3), TRUE, FALSE) -> FALSE | I3: =IF(AND(D3<F3, C3>F3), TRUE, FALSE) -> FALSE | J3: =IF(H3=TRUE,"BEAR_SWEEP", IF(I3=TRUE,"BULL_SWEEP","NONE")) -> NONE | K3: =IF(J3="NONE",0, IF(ABS(C3-D3)>=2*G3,3, IF(ABS(C3-D3)>=1*G3,2,1) ) ) -> 0 | L3: =K3 -> 0
A4: ='00_Active_Grid'!A4 -> XRP | B4: ='00_Active_Grid'!B4 -> 15m | C4: =Shared_Inputs!C4 -> #N/A | D4: =Shared_Inputs!D4 -> #N/A | E4: =Shared_Inputs!E4 | F4: =Shared_Inputs!F4 | G4: =Shared_Inputs!G4 | H4: =IF(AND(D4>E4, C4<E4), TRUE, FALSE) -> #N/A | I4: =IF(AND(D4<F4, C4>F4), TRUE, FALSE) -> #N/A | J4: =IF(H4=TRUE,"BEAR_SWEEP", IF(I4=TRUE,"BULL_SWEEP","NONE")) -> #N/A | K4: =IF(J4="NONE",0, IF(ABS(C4-D4)>=2*G4,3, IF(ABS(C4-D4)>=1*G4,2,1) ) ) -> #N/A | L4: =K4 -> #N/A
A5: ='00_Active_Grid'!A5 -> XAU | B5: ='00_Active_Grid'!B5 -> 15m | C5: =Shared_Inputs!C5 -> #N/A | D5: =Shared_Inputs!D5 -> #N/A | E5: =Shared_Inputs!E5 | F5: =Shared_Inputs!F5 | G5: =Shared_Inputs!G5 | H5: =IF(AND(D5>E5, C5<E5), TRUE, FALSE) -> #N/A | I5: =IF(AND(D5<F5, C5>F5), TRUE, FALSE) -> #N/A | J5: =IF(H5=TRUE,"BEAR_SWEEP", IF(I5=TRUE,"BULL_SWEEP","NONE")) -> #N/A | K5: =IF(J5="NONE",0, IF(ABS(C5-D5)>=2*G5,3, IF(ABS(C5-D5)>=1*G5,2,1) ) ) -> #N/A | L5: =K5 -> #N/A
A6: ='00_Active_Grid'!A6 -> SPX | B6: ='00_Active_Grid'!B6 -> 15m | C6: =Shared_Inputs!C6 -> #N/A | D6: =Shared_Inputs!D6 -> #N/A | E6: =Shared_Inputs!E6 | F6: =Shared_Inputs!F6 | G6: =Shared_Inputs!G6 | H6: =IF(AND(D6>E6, C6<E6), TRUE, FALSE) -> #N/A | I6: =IF(AND(D6<F6, C6>F6), TRUE, FALSE) -> #N/A | J6: =IF(H6=TRUE,"BEAR_SWEEP", IF(I6=TRUE,"BULL_SWEEP","NONE")) -> #N/A | K6: =IF(J6="NONE",0, IF(ABS(C6-D6)>=2*G6,3, IF(ABS(C6-D6)>=1*G6,2,1) ) ) -> #N/A | L6: =K6 -> #N/A

Sheet 04_Liquidity_Architecture_Engin
A1: AssetID | B1: Timeframe | C1: ATR_14 | D1: VolatilityScore | E1: VolumeSpikeFlag | F1: MarketMemoryScore | G1: LiquidityPocketScore | H1: VolumeImbalanceScore | I1: LiquidityArchitectureScore | J1: Notes
A2: ='00_Active_Grid'!A2 -> BTC | B2: ='00_Active_Grid'!B2 -> 15m | C2: =Shared_Inputs!G2 -> 127.02 | D2: =Shared_Inputs!I2 -> 0 | E2: =Shared_Inputs!M2 -> FALSE | F2: =IF(D2=1,3, IF(D2=2,2, IF(D2=0,1,0))) -> 1 | G2: =IF('03_Liquidity_Sweep_Engine_L2'!L2>=2,2, IF('03_Liquidity_Sweep_Engine_L2'!L2=1,1,0) ) -> 0 | H2: =IF(E2=TRUE,3,0) -> 0 | I2: =MIN(3, (F2>=2) + (G2>=1) + (H2>=2) ) -> 0
A3: ='00_Active_Grid'!A3 -> ETH | B3: ='00_Active_Grid'!B3 -> 15m | C3: =Shared_Inputs!G3 -> 127.02 | D3: =Shared_Inputs!I3 -> 0 | E3: =Shared_Inputs!M3 -> FALSE | F3: =IF(D3=1,3, IF(D3=2,2, IF(D3=0,1,0))) -> 1 | G3: =IF('03_Liquidity_Sweep_Engine_L2'!L3>=2,2, IF('03_Liquidity_Sweep_Engine_L2'!L3=1,1,0) ) -> 0 | H3: =IF(E3=TRUE,3,0) -> 0 | I3: =MIN(3, (F3>=2) + (G3>=1) + (H3>=2) ) -> 0
A4: ='00_Active_Grid'!A4 -> XRP | B4: ='00_Active_Grid'!B4 -> 15m | C4: =Shared_Inputs!G4 | D4: =Shared_Inputs!I4 -> #N/A | E4: =Shared_Inputs!M4 -> FALSE | F4: =IF(D4=1,3, IF(D4=2,2, IF(D4=0,1,0))) -> #N/A | G4: =IF('03_Liquidity_Sweep_Engine_L2'!L4>=2,2, IF('03_Liquidity_Sweep_Engine_L2'!L4=1,1,0) ) -> #N/A | H4: =IF(E4=TRUE,3,0) -> 0 | I4: =MIN(3, (F4>=2) + (G4>=1) + (H4>=2) ) -> #N/A
A5: ='00_Active_Grid'!A5 -> XAU | B5: ='00_Active_Grid'!B5 -> 15m | C5: =Shared_Inputs!G5 | D5: =Shared_Inputs!I5 -> #N/A | E5: =Shared_Inputs!M5 -> FALSE | F5: =IF(D5=1,3, IF(D5=2,2, IF(D5=0,1,0))) -> #N/A | G5: =IF('03_Liquidity_Sweep_Engine_L2'!L5>=2,2, IF('03_Liquidity_Sweep_Engine_L2'!L5=1,1,0) ) -> #N/A | H5: =IF(E5=TRUE,3,0) -> 0 | I5: =MIN(3, (F5>=2) + (G5>=1) + (H5>=2) ) -> #N/A
A6: ='00_Active_Grid'!A6 -> SPX | B6: ='00_Active_Grid'!B6 -> 15m | C6: =Shared_Inputs!G6 | D6: =Shared_Inputs!I6 -> #N/A | E6: =Shared_Inputs!M6 -> FALSE | F6: =IF(D6=1,3, IF(D6=2,2, IF(D6=0,1,0))) -> #N/A | G6: =IF('03_Liquidity_Sweep_Engine_L2'!L6>=2,2, IF('03_Liquidity_Sweep_Engine_L2'!L6=1,1,0) ) -> #N/A | H6: =IF(E6=TRUE,3,0) -> 0 | I6: =MIN(3, (F6>=2) + (G6>=1) + (H6>=2) ) -> #N/A

Sheet 17_Macro_WhaleFlow_Narrative_Pl
A1: AssetID | B1: Timeframe | C1: ManualMacroRegime | D1: MacroScore | E1: NarrativeRiskFlag | F1: CorrelationStressFlag | G1: MacroNotes
A2: ='00_Active_Grid'!A2 -> BTC | B2: ='00_Active_Grid'!B2 -> 15m | D2: =IF(C2="RISK_ON",3, IF(C2="RISK_OFF_SOFT",2, IF(C2="RISK_OFF_STRONG",1, IF(C2="PANIC",0,0) ) ) ) -> 0 | E2: =IF(C2="PANIC",TRUE,FALSE) -> FALSE | F2: FALSE
A3: ='00_Active_Grid'!A3 -> ETH | B3: ='00_Active_Grid'!B3 -> 15m | D3: =IF(C3="RISK_ON",3, IF(C3="RISK_OFF_SOFT",2, IF(C3="RISK_OFF_STRONG",1, IF(C3="PANIC",0,0) ) ) ) -> 0 | E3: =IF(C3="PANIC",TRUE,FALSE) -> FALSE | F3: FALSE
A4: ='00_Active_Grid'!A4 -> XRP | B4: ='00_Active_Grid'!B4 -> 15m | D4: =IF(C4="RISK_ON",3, IF(C4="RISK_OFF_SOFT",2, IF(C4="RISK_OFF_STRONG",1, IF(C4="PANIC",0,0) ) ) ) -> 0 | E4: =IF(C4="PANIC",TRUE,FALSE) -> FALSE | F4: FALSE
A5: ='00_Active_Grid'!A5 -> XAU | B5: ='00_Active_Grid'!B5 -> 15m | D5: =IF(C5="RISK_ON",3, IF(C5="RISK_OFF_SOFT",2, IF(C5="RISK_OFF_STRONG",1, IF(C5="PANIC",0,0) ) ) ) -> 0 | E5: =IF(C5="PANIC",TRUE,FALSE) -> FALSE | F5: FALSE
A6: ='00_Active_Grid'!A6 -> SPX | B6: ='00_Active_Grid'!B6 -> 15m | D6: =IF(C6="RISK_ON",3, IF(C6="RISK_OFF_SOFT",2, IF(C6="RISK_OFF_STRONG",1, IF(C6="PANIC",0,0) ) ) ) -> 0 | E6: =IF(C6="PANIC",TRUE,FALSE) -> FALSE | F6: FALSE

Sheet 21_MCS_Aggregator
A1: AssetID | B1: Timeframe | C1: SSP_Score | D1: PressureScore | E1: SweepScore | F1: LiquidityArchScore | G1: MacroScore | H1: RiskPenalty | I1: MCS_Total | J1: ActivationBand | K1: Notes
A2: ='00_Active_Grid'!A2 -> BTC | B2: ='00_Active_Grid'!B2 -> 15m | C2: ='01_SSP_Structure_L0'!R2 -> 0 | D2: ='02_Institutional_Pressure_L1'!N1 -> 0 | E2: ='03_Liquidity_Sweep_Engine_L2'!L2 -> 0 | F2: ='04_Liquidity_Architecture_Engin'!I2 -> 0 | G2: ='17_Macro_WhaleFlow_Narrative_Pl'!D2 -> 0 | H2: =IF('25_Risk_Throttle_Controller_Rul'!J2=TRUE,3,0) -> 0 | I2: =(C2*3) + (D2*3) + (E2*2) + (F2*2) + (G2*3) - (H2*3) -> 0 | J2: =IF(I2<15,"ARB+YIELD_ONLY", IF(I2<21,"LIGHT_DIRECTIONAL", IF(I2<25,"FULL_DIRECTIONAL","FLASHLOAN_CLUSTER") ) ) -> ARB+YIELD_ONLY
A3: ='00_Active_Grid'!A3 -> ETH | B3: ='00_Active_Grid'!B3 -> 15m | C3: ='01_SSP_Structure_L0'!R3 -> 0 | D3: ='02_Institutional_Pressure_L1'!N2 -> 0 | E3: ='03_Liquidity_Sweep_Engine_L2'!L3 -> 0 | F3: ='04_Liquidity_Architecture_Engin'!I3 -> 0 | G3: =0 -> 0 | H3: =0 -> 0 | I3: =(C3*3) + (D3*3) + (E3*2) + (F3*2) + (G3*3) - (H3*3) -> 0 | J3: =IF(I3<15,"ARB+YIELD_ONLY", IF(I3<21,"LIGHT_DIRECTIONAL", IF(I3<25,"FULL_DIRECTIONAL","FLASHLOAN_CLUSTER") ) ) -> ARB+YIELD_ONLY
A4: ='00_Active_Grid'!A4 -> XRP | B4: ='00_Active_Grid'!B4 -> 15m | C4: ='01_SSP_Structure_L0'!R4 -> #N/A | D4: ='02_Institutional_Pressure_L1'!N3 -> 0 | E4: ='03_Liquidity_Sweep_Engine_L2'!L4 -> #N/A | F4: ='04_Liquidity_Architecture_Engin'!I4 -> #N/A | G4: =0 -> 0 | H4: =0 -> 0 | I4: =(C4*3) + (D4*3) + (E4*2) + (F4*2) + (G4*3) - (H4*3) -> #N/A | J4: =IF(I4<15,"ARB+YIELD_ONLY", IF(I4<21,"LIGHT_DIRECTIONAL", IF(I4<25,"FULL_DIRECTIONAL","FLASHLOAN_CLUSTER") ) ) -> #N/A
A5: ='00_Active_Grid'!A5 -> XAU | B5: ='00_Active_Grid'!B5 -> 15m | C5: ='01_SSP_Structure_L0'!R5 -> #N/A | D5: ='02_Institutional_Pressure_L1'!N4 -> 0 | E5: ='03_Liquidity_Sweep_Engine_L2'!L5 -> #N/A | F5: ='04_Liquidity_Architecture_Engin'!I5 -> #N/A | G5: =0 -> 0 | H5: =0 -> 0 | I5: =(C5*3) + (D5*3) + (E5*2) + (F5*2) + (G5*3) - (H5*3) -> #N/A | J5: =IF(I5<15,"ARB+YIELD_ONLY", IF(I5<21,"LIGHT_DIRECTIONAL", IF(I5<25,"FULL_DIRECTIONAL","FLASHLOAN_CLUSTER") ) ) -> #N/A
A6: ='00_Active_Grid'!A6 -> SPX | B6: ='00_Active_Grid'!B6 -> 15m | C6: ='01_SSP_Structure_L0'!R6 -> #N/A | D6: ='02_Institutional_Pressure_L1'!N5 -> 0 | E6: ='03_Liquidity_Sweep_Engine_L2'!L6 -> #N/A | F6: ='04_Liquidity_Architecture_Engin'!I6 -> #N/A | G6: =0 -> 0 | H6: =0 -> 0 | I6: =(C6*3) + (D6*3) + (E6*2) + (F6*2) + (G6*3) - (H6*3) -> #N/A | J6: =IF(I6<15,"ARB+YIELD_ONLY", IF(I6<21,"LIGHT_DIRECTIONAL", IF(I6<25,"FULL_DIRECTIONAL","FLASHLOAN_CLUSTER") ) ) -> #N/A

Sheet 22_Engine_Activation_Matrix
A1: AssetID | B1: Timeframe | C1: MCS_Total | D1: ActivationBand | E1: DirectionalEngine | F1: ArbitrageEngine | G1: YieldEngine | H1: FlashloanEngine | I1: RiskThrottleMode | J1: OverrideReason | K1: Notes
A2: ='00_Active_Grid'!A2 -> BTC | B2: ='00_Active_Grid'!B2 -> 15m | C2: ='21_MCS_Aggregator'!I2 -> 0 | D2: ='21_MCS_Aggregator'!J2 -> ARB+YIELD_ONLY | E2: =IF(OR(D2="LIGHT_DIRECTIONAL",D2="FULL_DIRECTIONAL",D2="FLASHLOAN_CLUSTER"),"ON","OFF") -> OFF | F2: ="ON" -> ON | G2: ="ON" -> ON | H2: =IF(D2="FLASHLOAN_CLUSTER","ON","OFF") -> OFF | I2: =IF(D2="ARB+YIELD_ONLY","THROTTLED", IF(D2="LIGHT_DIRECTIONAL","LIGHT", IF(D2="FULL_DIRECTIONAL","NORMAL","AGGRESSIVE") ) ) -> THROTTLED | J2: ""
A3: ='00_Active_Grid'!A3 -> ETH | B3: ='00_Active_Grid'!B3 -> 15m | C3: ='21_MCS_Aggregator'!I3 -> 0 | D3: ='21_MCS_Aggregator'!J3 -> ARB+YIELD_ONLY | E3: =IF(OR(D3="LIGHT_DIRECTIONAL",D3="FULL_DIRECTIONAL",D3="FLASHLOAN_CLUSTER"),"ON","OFF") -> OFF | F3: ="ON" -> ON | G3: ="ON" -> ON | H3: =IF(D3="FLASHLOAN_CLUSTER","ON","OFF") -> OFF | I3: =IF(D3="ARB+YIELD_ONLY","THROTTLED", IF(D3="LIGHT_DIRECTIONAL","LIGHT", IF(D3="FULL_DIRECTIONAL","NORMAL","AGGRESSIVE") ) ) -> THROTTLED | J3: ""
A4: ='00_Active_Grid'!A4 -> XRP | B4: ='00_Active_Grid'!B4 -> 15m | C4: ='21_MCS_Aggregator'!I4 -> #N/A | D4: ='21_MCS_Aggregator'!J4 -> #N/A | E4: =IF(OR(D4="LIGHT_DIRECTIONAL",D4="FULL_DIRECTIONAL",D4="FLASHLOAN_CLUSTER"),"ON","OFF") -> #N/A | F4: ="ON" -> ON | G4: ="ON" -> ON | H4: =IF(D4="FLASHLOAN_CLUSTER","ON","OFF") -> #N/A | I4: =IF(D4="ARB+YIELD_ONLY","THROTTLED", IF(D4="LIGHT_DIRECTIONAL","LIGHT", IF(D4="FULL_DIRECTIONAL","NORMAL","AGGRESSIVE") ) ) -> #N/A | J4: ""
A5: ='00_Active_Grid'!A5 -> XAU | B5: ='00_Active_Grid'!B5 -> 15m | C5: ='21_MCS_Aggregator'!I5 -> #N/A | D5: ='21_MCS_Aggregator'!J5 -> #N/A | E5: =IF(OR(D5="LIGHT_DIRECTIONAL",D5="FULL_DIRECTIONAL",D5="FLASHLOAN_CLUSTER"),"ON","OFF") -> #N/A | F5: ="ON" -> ON | G5: ="ON" -> ON | H5: =IF(D5="FLASHLOAN_CLUSTER","ON","OFF") -> #N/A | I5: =IF(D5="ARB+YIELD_ONLY","THROTTLED", IF(D5="LIGHT_DIRECTIONAL","LIGHT", IF(D5="FULL_DIRECTIONAL","NORMAL","AGGRESSIVE") ) ) -> #N/A | J5: ""
A6: ='00_Active_Grid'!A6 -> SPX | B6: ='00_Active_Grid'!B6 -> 15m | C6: ='21_MCS_Aggregator'!I6 -> #N/A | D6: ='21_MCS_Aggregator'!J6 -> #N/A | E6: =IF(OR(D6="LIGHT_DIRECTIONAL",D6="FULL_DIRECTIONAL",D6="FLASHLOAN_CLUSTER"),"ON","OFF") -> #N/A | F6: ="ON" -> ON | G6: ="ON" -> ON | H6: =IF(D6="FLASHLOAN_CLUSTER","ON","OFF") -> #N/A | I6: =IF(D6="ARB+YIELD_ONLY","THROTTLED", IF(D6="LIGHT_DIRECTIONAL","LIGHT", IF(D6="FULL_DIRECTIONAL","NORMAL","AGGRESSIVE") ) ) -> #N/A | J6: ""

Sheet 23_Weekly_Income_Interaction_Ru
A1: EngineSize_USD | B1: ExpectedDailyYieldPct | C1: ExpectedWeeklyYieldUSD | D1: WeeklyTargetUSD | E1: PayoutPct | F1: ReinvestPct | G1: CoolModeFlag | H1: DirectionalThrottle | I1: FlashloanAllowed | J1: Notes
A2: 1000 | B2: 0.005 | C2: =A2 * B2 * 7 -> 35 | D2: 25 | E2: 0.2 | F2: 0.8 | G2: =IF(C2>=D2,TRUE,FALSE) -> TRUE | H2: =IF(G2=TRUE,"THROTTLE","NORMAL") -> THROTTLE | I2: =IF(G2=TRUE,"CONDITIONAL","YES") -> CONDITIONAL
A3: 2500 | B3: 0.005 | C3: =A3 * B3 * 7 -> 87.5 | D3: 50 | E3: 0.25 | F3: 0.75 | G3: =IF(C3>=D3,TRUE,FALSE) -> TRUE | H3: =IF(G3=TRUE,"THROTTLE","NORMAL") -> THROTTLE | I3: =IF(G3=TRUE,"CONDITIONAL","YES") -> CONDITIONAL
A4: 5000 | B4: 0.005 | C4: =A4 * B4 * 7 -> 175 | D4: 100 | E4: 0.3 | F4: 0.7 | G4: =IF(C4>=D4,TRUE,FALSE) -> TRUE | H4: =IF(G4=TRUE,"THROTTLE","NORMAL") -> THROTTLE | I4: =IF(G4=TRUE,"CONDITIONAL","YES") -> CONDITIONAL
A5: 10000 | B5: 0.005 | C5: =A5 * B5 * 7 -> 350 | D5: 200 | E5: 0.35 | F5: 0.65 | G5: =IF(C5>=D5,TRUE,FALSE) -> TRUE | H5: =IF(G5=TRUE,"THROTTLE","NORMAL") -> THROTTLE | I5: =IF(G5=TRUE,"CONDITIONAL","YES") -> CONDITIONAL
A6: 25000 | B6: 0.005 | C6: =A6 * B6 * 7 -> 875 | D6: 400 | E6: 0.4 | F6: 0.6 | G6: =IF(C6>=D6,TRUE,FALSE) -> TRUE | H6: =IF(G6=TRUE,"THROTTLE","NORMAL") -> THROTTLE | I6: =IF(G6=TRUE,"CONDITIONAL","YES") -> CONDITIONAL
A7: 50000 | B7: 0.005 | C7: =A7 * B7 * 7 -> 1750 | D7: 800 | E7: 0.45 | F7: 0.55 | G7: =IF(C7>=D7,TRUE,FALSE) -> TRUE | H7: =IF(G7=TRUE,"THROTTLE","NORMAL") -> THROTTLE | I7: =IF(G7=TRUE,"CONDITIONAL","YES") -> CONDITIONAL

Sheet 24_Vault_Capital_Intake_Logic
A1: PresetName | B1: ArbPct | C1: DeFiYieldPct | D1: XRP_ISO_Pct | E1: MetalsPct | F1: DividendsPct | G1: Notes
A2: PRESET_A_GROWTH | B2: 0.4 | C2: 0.25 | D2: 0.15 | E2: 0.1 | F2: 0.1
A3: PRESET_B_DEFENSIVE | B3: 0.25 | C3: 0.2 | D3: 0.1 | E3: 0.3 | F3: 0.15
A4: PRESET_C_XRP_HEAVY | B4: 0.25 | C4: 0.2 | D4: 0.3 | E4: 0.1 | F4: 0.15
A6: INTAKE LOG
A7: Date | B7: DepositUSD | C7: PresetUsed | D7: To_ArbUSD | E7: To_YieldUSD | F7: To_XRPUSD | G7: To_MetalsUSD | H7: To_DividendsUSD
D8: {=IF(C8="","", B8 * XLOOKUP(C8,$A$2:$A$4,$B$2:$B$4))} | E8: {=IF(C8="","", B8 * XLOOKUP(C8,$A$2:$A$4,$C$2:$C$4))} | F8: {=IF(C8="","", B8 * XLOOKUP(C8,$A$2:$A$4,$D$2:$D$4))} | G8: {=IF(C8="","", B8 * XLOOKUP(C8,$A$2:$A$4,$E$2:$E$4))} | H8: {=IF(C8="","", B8 * XLOOKUP(C8,$A$2:$A$4,$F$2:$F$4))}

Sheet 00_Active_Grid
A1: AssetID | B1: Timeframe
A2: =IFERROR(__xludf.DUMMYFUNCTION("FILTER(Assets_MasterList!A2:A1000, Assets_MasterList!F2:F1000=TRUE)"),"BTC") -> BTC | B2: 15m
A3: =IFERROR(__xludf.DUMMYFUNCTION("""COMPUTED_VALUE"""),"ETH") -> ETH | B3: 15m
A4: =IFERROR(__xludf.DUMMYFUNCTION("""COMPUTED_VALUE"""),"XRP") -> XRP | B4: 15m
A5: =IFERROR(__xludf.DUMMYFUNCTION("""COMPUTED_VALUE"""),"XAU") -> XAU | B5: 15m
A6: =IFERROR(__xludf.DUMMYFUNCTION("""COMPUTED_VALUE"""),"SPX") -> SPX | B6: 15m

Sheet 99_Opportunity_Scanner
A1: AssetID | B1: Timeframe | C1: MCS_Total | D1: ActivationBand | E1: SSP | F1: Pressure | G1: Sweep | H1: Liquidity | I1: VolSpike | J1: Bias
A2: ='21_MCS_Aggregator'!A2 -> BTC | B2: ='21_MCS_Aggregator'!B2 -> 15m | C2: ='21_MCS_Aggregator'!I2 -> 0 | D2: ='21_MCS_Aggregator'!J2 -> ARB+YIELD_ONLY | E2: ='01_SSP_Structure_L0'!R2 -> 0 | F2: ='02_Institutional_Pressure_L1'!N2 -> 0 | G2: ='03_Liquidity_Sweep_Engine_L2'!L2 -> 0 | H2: ='04_Liquidity_Architecture_Engin'!I2 -> 0 | I2: =Shared_Inputs!M2 -> FALSE | J2: ='01_SSP_Structure_L0'!Q2 -> NEUTRAL
A3: ='21_MCS_Aggregator'!A3 -> ETH | B3: ='21_MCS_Aggregator'!B3 -> 15m | C3: ='21_MCS_Aggregator'!I3 -> 0 | D3: ='21_MCS_Aggregator'!J3 -> ARB+YIELD_ONLY | E3: ='01_SSP_Structure_L0'!R3 -> 0 | F3: ='02_Institutional_Pressure_L1'!N3 -> 0 | G3: ='03_Liquidity_Sweep_Engine_L2'!L3 -> 0 | H3: ='04_Liquidity_Architecture_Engin'!I3 -> 0 | I3: =Shared_Inputs!M3 -> FALSE | J3: ='01_SSP_Structure_L0'!Q3 -> NEUTRAL
A4: ='21_MCS_Aggregator'!A4 -> XRP | B4: ='21_MCS_Aggregator'!B4 -> 15m | C4: ='21_MCS_Aggregator'!I4 -> #N/A | D4: ='21_MCS_Aggregator'!J4 -> #N/A | E4: ='01_SSP_Structure_L0'!R4 -> #N/A | F4: ='02_Institutional_Pressure_L1'!N4 -> 0 | G4: ='03_Liquidity_Sweep_Engine_L2'!L4 -> #N/A | H4: ='04_Liquidity_Architecture_Engin'!I4 -> #N/A | I4: =Shared_Inputs!M4 -> FALSE | J4: ='01_SSP_Structure_L0'!Q4 -> #N/A
A5: ='21_MCS_Aggregator'!A5 -> XAU | B5: ='21_MCS_Aggregator'!B5 -> 15m | C5: ='21_MCS_Aggregator'!I5 -> #N/A | D5: ='21_MCS_Aggregator'!J5 -> #N/A | E5: ='01_SSP_Structure_L0'!R5 -> #N/A | F5: ='02_Institutional_Pressure_L1'!N5 -> 0 | G5: ='03_Liquidity_Sweep_Engine_L2'!L5 -> #N/A | H5: ='04_Liquidity_Architecture_Engin'!I5 -> #N/A | I5: =Shared_Inputs!M5 -> FALSE | J5: ='01_SSP_Structure_L0'!Q5 -> #N/A
A6: ='21_MCS_Aggregator'!A6 -> SPX | B6: ='21_MCS_Aggregator'!B6 -> 15m | C6: ='21_MCS_Aggregator'!I6 -> #N/A | D6: ='21_MCS_Aggregator'!J6 -> #N/A | E6: ='01_SSP_Structure_L0'!R6 -> #N/A | F6: ='02_Institutional_Pressure_L1'!N6 | G6: ='03_Liquidity_Sweep_Engine_L2'!L6 -> #N/A | H6: ='04_Liquidity_Architecture_Engin'!I6 -> #N/A | I6: =Shared_Inputs!M6 -> FALSE | J6: ='01_SSP_Structure_L0'!Q6 -> #N/A

Sheet 25_Risk_Throttle_Controller_Rul
A1: AssetID | B1: Timeframe | C1: MCS_Total | D1: ActivationBand | E1: VolatilityScore | F1: VolSpikeFlag | G1: SweepScore | H1: PressureScore | I1: DrawdownPct | J1: KillSwitchFlag | K1: ThrottleLevel | L1: AllowedActions | M1: Reason
A2: ='21_MCS_Aggregator'!A2 -> BTC | B2: ='21_MCS_Aggregator'!B2 -> 15m | C2: ='21_MCS_Aggregator'!I2 -> 0 | D2: ='21_MCS_Aggregator'!J2 -> ARB+YIELD_ONLY | E2: =Shared_Inputs!I2 -> 0 | F2: =Shared_Inputs!M2 -> FALSE | G2: ='03_Liquidity_Sweep_Engine_L2'!L2 -> 0 | H2: ='02_Institutional_Pressure_L1'!N2 -> 0 | I2: 0 | J2: =IF(OR(E2=3, I2>=0.1), TRUE, FALSE) -> FALSE | K2: =IF(J2=TRUE,"KILL", IF(E2=3,"HEAVY", IF(E2=2,"MEDIUM", IF(E2=1,"LIGHT","LIGHT") ) ) ) -> LIGHT | L2: =IF(K2="KILL","NONE", IF(K2="HEAVY","ARB+YIELD_ONLY", IF(K2="MEDIUM", IF(D2="FLASHLOAN_CLUSTER","FULL_DIRECTIONAL",D2), D2 ) ) ) -> ARB+YIELD_ONLY | M2: =IF(J2=TRUE,"KILL: vol=3 or drawdown>=10%", IF(E2=3,"HEAVY throttle: volatility extreme", IF(I2>=0.05,"MEDIUM throttle: drawdown>=5%", "Normal risk mode" ) ) ) -> Normal risk mode
A3: ='21_MCS_Aggregator'!A3 -> ETH | B3: ='21_MCS_Aggregator'!B3 -> 15m | C3: ='21_MCS_Aggregator'!I3 -> 0 | D3: ='21_MCS_Aggregator'!J3 -> ARB+YIELD_ONLY | E3: =Shared_Inputs!I3 -> 0 | F3: =Shared_Inputs!M3 -> FALSE | G3: ='03_Liquidity_Sweep_Engine_L2'!L3 -> 0 | H3: ='02_Institutional_Pressure_L1'!N3 -> 0 | I3: 0 | J3: =IF(OR(E3=3, I3>=0.1), TRUE, FALSE) -> FALSE | K3: =IF(J3=TRUE,"KILL", IF(E3=3,"HEAVY", IF(E3=2,"MEDIUM", IF(E3=1,"LIGHT","LIGHT") ) ) ) -> LIGHT | L3: =IF(K3="KILL","NONE", IF(K3="HEAVY","ARB+YIELD_ONLY", IF(K3="MEDIUM", IF(D3="FLASHLOAN_CLUSTER","FULL_DIRECTIONAL",D3), D3 ) ) ) -> ARB+YIELD_ONLY | M3: =IF(J3=TRUE,"KILL: vol=3 or drawdown>=10%", IF(E3=3,"HEAVY throttle: volatility extreme", IF(I3>=0.05,"MEDIUM throttle: drawdown>=5%", "Normal risk mode" ) ) ) -> Normal risk mode
A4: ='21_MCS_Aggregator'!A4 -> XRP | B4: ='21_MCS_Aggregator'!B4 -> 15m | C4: ='21_MCS_Aggregator'!I4 -> #N/A | D4: ='21_MCS_Aggregator'!J4 -> #N/A | E4: =Shared_Inputs!I4 -> #N/A | F4: =Shared_Inputs!M4 -> FALSE | G4: ='03_Liquidity_Sweep_Engine_L2'!L4 -> #N/A | H4: ='02_Institutional_Pressure_L1'!N4 -> 0 | I4: 0 | J4: =IF(OR(E4=3, I4>=0.1), TRUE, FALSE) -> #N/A | K4: =IF(J4=TRUE,"KILL", IF(E4=3,"HEAVY", IF(E4=2,"MEDIUM", IF(E4=1,"LIGHT","LIGHT") ) ) ) -> #N/A | L4: =IF(K4="KILL","NONE", IF(K4="HEAVY","ARB+YIELD_ONLY", IF(K4="MEDIUM", IF(D4="FLASHLOAN_CLUSTER","FULL_DIRECTIONAL",D4), D4 ) ) ) -> #N/A | M4: =IF(J4=TRUE,"KILL: vol=3 or drawdown>=10%", IF(E4=3,"HEAVY throttle: volatility extreme", IF(I4>=0.05,"MEDIUM throttle: drawdown>=5%", "Normal risk mode" ) ) ) -> #N/A
A5: ='21_MCS_Aggregator'!A5 -> XAU | B5: ='21_MCS_Aggregator'!B5 -> 15m | C5: ='21_MCS_Aggregator'!I5 -> #N/A | D5: ='21_MCS_Aggregator'!J5 -> #N/A | E5: =Shared_Inputs!I5 -> #N/A | F5: =Shared_Inputs!M5 -> FALSE | G5: ='03_Liquidity_Sweep_Engine_L2'!L5 -> #N/A | H5: ='02_Institutional_Pressure_L1'!N5 -> 0 | I5: 0 | J5: =IF(OR(E5=3, I5>=0.1), TRUE, FALSE) -> #N/A | K5: =IF(J5=TRUE,"KILL", IF(E5=3,"HEAVY", IF(E5=2,"MEDIUM", IF(E5=1,"LIGHT","LIGHT") ) ) ) -> #N/A | L5: =IF(K5="KILL","NONE", IF(K5="HEAVY","ARB+YIELD_ONLY", IF(K5="MEDIUM", IF(D5="FLASHLOAN_CLUSTER","FULL_DIRECTIONAL",D5), D5 ) ) ) -> #N/A | M5: =IF(J5=TRUE,"KILL: vol=3 or drawdown>=10%", IF(E5=3,"HEAVY throttle: volatility extreme", IF(I5>=0.05,"MEDIUM throttle: drawdown>=5%", "Normal risk mode" ) ) ) -> #N/A
A6: ='21_MCS_Aggregator'!A6 -> SPX | B6: ='21_MCS_Aggregator'!B6 -> 15m | C6: ='21_MCS_Aggregator'!I6 -> #N/A | D6: ='21_MCS_Aggregator'!J6 -> #N/A | E6: =Shared_Inputs!I6 -> #N/A | F6: =Shared_Inputs!M6 -> FALSE | G6: ='03_Liquidity_Sweep_Engine_L2'!L6 -> #N/A | H6: ='02_Institutional_Pressure_L1'!N6 | I6: 0 | J6: =IF(OR(E6=3, I6>=0.1), TRUE, FALSE) -> #N/A | K6: =IF(J6=TRUE,"KILL", IF(E6=3,"HEAVY", IF(E6=2,"MEDIUM", IF(E6=1,"LIGHT","LIGHT") ) ) ) -> #N/A | L6: =IF(K6="KILL","NONE", IF(K6="HEAVY","ARB+YIELD_ONLY", IF(K6="MEDIUM", IF(D6="FLASHLOAN_CLUSTER","FULL_DIRECTIONAL",D6), D6 ) ) ) -> #N/A | M6: =IF(J6=TRUE,"KILL: vol=3 or drawdown>=10%", IF(E6=3,"HEAVY throttle: volatility extreme", IF(I6>=0.05,"MEDIUM throttle: drawdown>=5%", "Normal risk mode" ) ) ) -> #N/A

Sheet TrendStack

Sheet Kalman Trend Confidence

Sheet Nadaraya-Watson Trend

Sheet ATR Slope

Sheet Market Cycle Engine

Sheet AMD Engine

Sheet Execution Footprint

Sheet Liquidation Engine

Sheet MicroScalp Volatility

Sheet Directional Impulse

Sheet Session Timing & Session Streak

Sheet WhaleFlow & Macro Narrative

Sheet Correlation Stress Engine

Sheet MCS Aggregator

Sheet Engine Activation Matrix

Sheet Weekly Income Interaction

Sheet Vault & Capital Intake Logic

Sheet Risk & Throttle Controller

Sheet Human Operator Performance (Inf
